{"cameraMode":{"drawMode":0,"name":"Shaded","section":"Shading Mode"},"sceneLighting":true,"audioPlay":false,"sceneViewState":{"showFog":true,"showMaterialUpdate":true,"showSkybox":true,"showFlares":true,"showImageEffects":true,"showParticleSystems":true},"in2DMode":false,"pivot":{"x":-13.19910717010498,"y":-11.952596664428711,"z":12.28709602355957},"rotation":{"x":0.34001198410987856,"y":-0.4609111249446869,"z":0.19693773984909059,"w":0.7957298755645752},"size":19.17958641052246,"orthographic":false}