{"cameraMode":{"drawMode":0,"name":"Shaded","section":"Shading Mode"},"sceneLighting":true,"audioPlay":false,"sceneViewState":{"showFog":true,"showMaterialUpdate":true,"showSkybox":true,"showFlares":true,"showImageEffects":true,"showParticleSystems":true},"in2DMode":false,"pivot":{"x":7.8508124351501469,"y":-1.382444977760315,"z":-1.952359676361084},"rotation":{"x":0.017654430121183397,"y":0.954390823841095,"z":-0.29241663217544558,"w":0.05762049928307533},"size":13.276823997497559,"orthographic":false}