{"cameraMode":{"drawMode":0,"name":"Shaded","section":"Shading Mode"},"sceneLighting":false,"audioPlay":false,"sceneViewState":{"showFog":true,"showMaterialUpdate":true,"showSkybox":false,"showFlares":true,"showImageEffects":true,"showParticleSystems":true},"in2DMode":false,"pivot":{"x":-0.010032892227172852,"y":1.712104082107544,"z":-0.030556440353393556},"rotation":{"x":0.03471212089061737,"y":0.8423885107040405,"z":-0.5349776744842529,"w":0.054666973650455478},"size":4.1610941886901859,"orthographic":false}