{"cameraMode":{"drawMode":0,"name":"Shaded","section":"Shading Mode"},"sceneLighting":true,"audioPlay":false,"sceneViewState":{"showFog":true,"showMaterialUpdate":true,"showSkybox":true,"showFlares":true,"showImageEffects":true,"showParticleSystems":true},"in2DMode":false,"pivot":{"x":-6.533378601074219,"y":-5.960000991821289,"z":-9.539848327636719},"rotation":{"x":-0.05784326419234276,"y":0.9085296988487244,"z":-0.3914327025413513,"w":-0.13424207270145417},"size":11.784944534301758,"orthographic":false}